100013,A 3D Model of Remote
100015,A 3D Model of KitchenPot
100017,A 3D Model of KitchenPot
100021,A 3D Model of KitchenPot
100023,A 3D Model of KitchenPot
100025,A 3D Model of KitchenPot
100028,A 3D Model of KitchenPot
100031,A 3D Model of KitchenPot
100032,A 3D Model of KitchenPot
100033,A 3D Model of KitchenPot
100038,A 3D Model of KitchenPot
100040,A 3D Model of KitchenPot
100045,A 3D Model of KitchenPot
100047,A 3D Model of KitchenPot
100051,A 3D Model of KitchenPot
100054,A 3D Model of KitchenPot
100055,A 3D Model of KitchenPot
100056,A 3D Model of KitchenPot
100057,A 3D Model of KitchenPot
100058,A 3D Model of KitchenPot
100060,A 3D Model of KitchenPot
100061,A 3D Model of USB
100064,A 3D Model of USB
100065,A 3D Model of USB
100068,A 3D Model of USB
100071,A 3D Model of USB
100072,A 3D Model of USB
100073,A 3D Model of USB
100075,A 3D Model of Cart
100078,A 3D Model of USB
100079,A 3D Model of USB
100082,A 3D Model of USB
100084,A 3D Model of Cart
100085,A 3D Model of USB
100086,A 3D Model of USB
100087,A 3D Model of USB
100092,A 3D Model of USB
100095,A 3D Model of USB
100103,A 3D Model of USB
100106,A 3D Model of USB
100108,A 3D Model of USB
100109,A 3D Model of USB
100113,A 3D Model of USB
100116,A 3D Model of USB
100123,A 3D Model of USB
100128,A 3D Model of USB
100129,A 3D Model of Box
100133,A 3D Model of USB
100141,A 3D Model of Box
100142,A 3D Model of Pliers
100144,A 3D Model of Pliers
100146,A 3D Model of Pliers
100150,A 3D Model of Pliers
100154,A 3D Model of Box
100162,A 3D Model of Box
100172,A 3D Model of Pliers
100174,A 3D Model of Box
100178,A 3D Model of Pliers
100179,A 3D Model of Pliers
100180,A 3D Model of Pliers
100182,A 3D Model of Pliers
100188,A 3D Model of Pliers
100189,A 3D Model of Box
100191,A 3D Model of Box
100194,A 3D Model of Box
100197,A 3D Model of Box
100202,A 3D Model of Box
100214,A 3D Model of Box
100221,A 3D Model of Box
100224,A 3D Model of Box
100234,A 3D Model of Box
100243,A 3D Model of Box
100247,A 3D Model of Box
100248,A 3D Model of Suitcase
100249,A 3D Model of Suitcase
100269,A 3D Model of Remote
100270,A 3D Model of Remote
100279,A 3D Model of Printer
100282,A 3D Model of WashingMachine
100283,A 3D Model of WashingMachine
100285,A 3D Model of Lighter
100289,A 3D Model of Lighter
100292,A 3D Model of Lighter
100293,A 3D Model of Lighter
100294,A 3D Model of Lighter
100295,A 3D Model of Lighter
100309,A 3D Model of Lighter
100310,A 3D Model of Lighter
100311,A 3D Model of Lighter
100313,A 3D Model of Lighter
100317,A 3D Model of Lighter
100318,A 3D Model of Lighter
100319,A 3D Model of Lighter
100320,A 3D Model of Lighter
100321,A 3D Model of Lighter
100330,A 3D Model of Lighter
100334,A 3D Model of Lighter
100335,A 3D Model of Lighter
100340,A 3D Model of Lighter
100343,A 3D Model of Lighter
100348,A 3D Model of Lighter
100350,A 3D Model of Lighter
100354,A 3D Model of Lighter
100355,A 3D Model of Lighter
10036,A 3D Model of Refrigerator
100366,A 3D Model of Switch
100367,A 3D Model of Switch
100368,A 3D Model of Switch
100385,A 3D Model of Remote
100392,A 3D Model of Remote
100394,A 3D Model of Remote
100395,A 3D Model of Remote
10040,A 3D Model of Laptop
100405,A 3D Model of Remote
100408,A 3D Model of Remote
100412,A 3D Model of Remote
100426,A 3D Model of Box
100431,A 3D Model of Bucket
100432,A 3D Model of Bucket
100435,A 3D Model of Bucket
100438,A 3D Model of Bucket
100439,A 3D Model of Bucket
100441,A 3D Model of Bucket
100442,A 3D Model of Bucket
100443,A 3D Model of Bucket
100444,A 3D Model of Bucket
100446,A 3D Model of Bucket
100448,A 3D Model of Bucket
100452,A 3D Model of Bucket
100454,A 3D Model of Bucket
100460,A 3D Model of Bucket
100461,A 3D Model of Bucket
100462,A 3D Model of Bucket
100464,A 3D Model of Bucket
100465,A 3D Model of Bucket
100466,A 3D Model of Bucket
100468,A 3D Model of Bucket
100469,A 3D Model of Bucket
100470,A 3D Model of Bucket
100472,A 3D Model of Bucket
100473,A 3D Model of Bucket
100477,A 3D Model of Bucket
100481,A 3D Model of Bucket
100482,A 3D Model of Bucket
100484,A 3D Model of Bucket
100486,A 3D Model of Bucket
100487,A 3D Model of Cart
100488,A 3D Model of Cart
100490,A 3D Model of Cart
100491,A 3D Model of Cart
100494,A 3D Model of Cart
100496,A 3D Model of Cart
100498,A 3D Model of Cart
100500,A 3D Model of Cart
100501,A 3D Model of Cart
100502,A 3D Model of Cart
100504,A 3D Model of Cart
100507,A 3D Model of Cart
100508,A 3D Model of Cart
100509,A 3D Model of Cart
100511,A 3D Model of USB
100513,A 3D Model of USB
100520,A 3D Model of FoldingChair
100521,A 3D Model of FoldingChair
100523,A 3D Model of FoldingChair
100526,A 3D Model of FoldingChair
100531,A 3D Model of FoldingChair
100532,A 3D Model of FoldingChair
100550,A 3D Model of Suitcase
100557,A 3D Model of FoldingChair
100561,A 3D Model of FoldingChair
100562,A 3D Model of FoldingChair
100568,A 3D Model of FoldingChair
100579,A 3D Model of FoldingChair
100586,A 3D Model of FoldingChair
100587,A 3D Model of FoldingChair
100590,A 3D Model of FoldingChair
100598,A 3D Model of FoldingChair
100599,A 3D Model of FoldingChair
100600,A 3D Model of FoldingChair
100608,A 3D Model of FoldingChair
100609,A 3D Model of FoldingChair
100611,A 3D Model of FoldingChair
100613,A 3D Model of KitchenPot
100616,A 3D Model of FoldingChair
100619,A 3D Model of KitchenPot
100623,A 3D Model of KitchenPot
100658,A 3D Model of Box
100664,A 3D Model of Box
100671,A 3D Model of Box
100676,A 3D Model of Box
10068,A 3D Model of Refrigerator
100685,A 3D Model of Box
100693,A 3D Model of KitchenPot
100705,A 3D Model of Pliers
100706,A 3D Model of Remote
100712,A 3D Model of Remote
100720,A 3D Model of Globe
100731,A 3D Model of Trashcan
100732,A 3D Model of Trashcan
100733,A 3D Model of Globe
100736,A 3D Model of Globe
100739,A 3D Model of Globe
100740,A 3D Model of Globe
100741,A 3D Model of Globe
100743,A 3D Model of Globe
100744,A 3D Model of Globe
100745,A 3D Model of Globe
100746,A 3D Model of Globe
100747,A 3D Model of Globe
100748,A 3D Model of Globe
100749,A 3D Model of Globe
100750,A 3D Model of Globe
100751,A 3D Model of Globe
100753,A 3D Model of Globe
100754,A 3D Model of Globe
100755,A 3D Model of Globe
100756,A 3D Model of Globe
100757,A 3D Model of Globe
100758,A 3D Model of Globe
100759,A 3D Model of Globe
100760,A 3D Model of Globe
100761,A 3D Model of Globe
100762,A 3D Model of Globe
100763,A 3D Model of Globe
100764,A 3D Model of Globe
100765,A 3D Model of Globe
100767,A 3D Model of Suitcase
100768,A 3D Model of Globe
100770,A 3D Model of Globe
100776,A 3D Model of Suitcase
100778,A 3D Model of Globe
100779,A 3D Model of Globe
100781,A 3D Model of Globe
100782,A 3D Model of Globe
100783,A 3D Model of Globe
100784,A 3D Model of Globe
100785,A 3D Model of Globe
100786,A 3D Model of Globe
100787,A 3D Model of Globe
100788,A 3D Model of Globe
100789,A 3D Model of Globe
100790,A 3D Model of Globe
100791,A 3D Model of Globe
100792,A 3D Model of Globe
100793,A 3D Model of Globe
100794,A 3D Model of Globe
100795,A 3D Model of Globe
100796,A 3D Model of Globe
100798,A 3D Model of Globe
100799,A 3D Model of Globe
100800,A 3D Model of Globe
100801,A 3D Model of Globe
100803,A 3D Model of Globe
100809,A 3D Model of Remote
100811,A 3D Model of Remote
100814,A 3D Model of Remote
100816,A 3D Model of Remote
100819,A 3D Model of Remote
100825,A 3D Model of Suitcase
100828,A 3D Model of Remote
100836,A 3D Model of Luggage
100837,A 3D Model of Luggage
100838,A 3D Model of Luggage
100839,A 3D Model of Luggage
100840,A 3D Model of Luggage
100842,A 3D Model of Luggage
100845,A 3D Model of Switch
100846,A 3D Model of Switch
100847,A 3D Model of Switch
100848,A 3D Model of Switch
100849,A 3D Model of Switch
100850,A 3D Model of Switch
100852,A 3D Model of Cart
100853,A 3D Model of Cart
100854,A 3D Model of Cart
100856,A 3D Model of Cart
100858,A 3D Model of Cart
100860,A 3D Model of Cart
100861,A 3D Model of Cart
100866,A 3D Model of Switch
100870,A 3D Model of Switch
100871,A 3D Model of Switch
100880,A 3D Model of Switch
100882,A 3D Model of Switch
100883,A 3D Model of Switch
100885,A 3D Model of Switch
100888,A 3D Model of Switch
100889,A 3D Model of Switch
10090,A 3D Model of Laptop
100900,A 3D Model of Switch
100901,A 3D Model of Switch
100902,A 3D Model of Switch
100904,A 3D Model of Switch
100905,A 3D Model of Switch
100906,A 3D Model of Switch
100907,A 3D Model of Switch
100908,A 3D Model of Switch
100910,A 3D Model of Switch
100911,A 3D Model of Switch
100914,A 3D Model of Switch
100915,A 3D Model of Switch
100919,A 3D Model of Switch
100920,A 3D Model of Switch
100924,A 3D Model of Switch
100925,A 3D Model of Switch
100928,A 3D Model of Switch
100930,A 3D Model of Switch
100933,A 3D Model of Switch
100934,A 3D Model of Switch
100935,A 3D Model of Switch
100937,A 3D Model of Switch
100938,A 3D Model of Cart
100939,A 3D Model of Cart
100948,A 3D Model of Switch
100952,A 3D Model of Switch
100953,A 3D Model of Switch
100954,A 3D Model of Switch
100955,A 3D Model of Switch
100957,A 3D Model of Switch
100959,A 3D Model of Switch
100963,A 3D Model of Switch
100965,A 3D Model of Switch
100966,A 3D Model of Switch
100968,A 3D Model of Switch
100970,A 3D Model of Switch
100971,A 3D Model of Switch
100974,A 3D Model of Switch
100976,A 3D Model of Switch
100978,A 3D Model of Switch
100979,A 3D Model of Switch
10098,A 3D Model of Laptop
100980,A 3D Model of Switch
100981,A 3D Model of Switch
100982,A 3D Model of Window
100991,A 3D Model of Remote
100993,A 3D Model of Remote
100997,A 3D Model of Remote
100999,A 3D Model of Remote
101002,A 3D Model of Remote
101004,A 3D Model of Remote
101007,A 3D Model of Remote
10101,A 3D Model of Laptop
101010,A 3D Model of Remote
101011,A 3D Model of Remote
101014,A 3D Model of Remote
101015,A 3D Model of Remote
101016,A 3D Model of Remote
101023,A 3D Model of Remote
101028,A 3D Model of Remote
101034,A 3D Model of Remote
101048,A 3D Model of Luggage
101049,A 3D Model of Luggage
101050,A 3D Model of Luggage
101051,A 3D Model of Luggage
101052,A 3D Model of Knife
101053,A 3D Model of Cart
101054,A 3D Model of Knife
101055,A 3D Model of Cart
101057,A 3D Model of Knife
101059,A 3D Model of Knife
101060,A 3D Model of Cart
101062,A 3D Model of Knife
101064,A 3D Model of Cart
101065,A 3D Model of Cart
101066,A 3D Model of Cart
101068,A 3D Model of Knife
101072,A 3D Model of Cart
101073,A 3D Model of Cart
101075,A 3D Model of Cart
101077,A 3D Model of Cart
101079,A 3D Model of Knife
10108,A 3D Model of Laptop
101080,A 3D Model of Knife
101081,A 3D Model of Cart
101083,A 3D Model of Cart
101085,A 3D Model of Knife
101086,A 3D Model of Cart
101090,A 3D Model of Cart
101091,A 3D Model of Cart
101092,A 3D Model of Cart
101093,A 3D Model of Cart
101095,A 3D Model of Knife
101097,A 3D Model of Cart
101099,A 3D Model of Cart
1011,A 3D Model of Faucet
101102,A 3D Model of Cart
101104,A 3D Model of Remote
101106,A 3D Model of Knife
101107,A 3D Model of Knife
101108,A 3D Model of Knife
101112,A 3D Model of Knife
101114,A 3D Model of Knife
101115,A 3D Model of Knife
101117,A 3D Model of Remote
101118,A 3D Model of Remote
101121,A 3D Model of Remote
101131,A 3D Model of Remote
101133,A 3D Model of Remote
101139,A 3D Model of Remote
101142,A 3D Model of Remote
101176,A 3D Model of Cart
101178,A 3D Model of Cart
101182,A 3D Model of Cart
101183,A 3D Model of Cart
101217,A 3D Model of Knife
101220,A 3D Model of Fan
101236,A 3D Model of Knife
101245,A 3D Model of Knife
10125,A 3D Model of Laptop
101253,A 3D Model of Knife
101260,A 3D Model of Knife
101284,A 3D Model of Eyeglasses
101285,A 3D Model of Eyeglasses
101287,A 3D Model of Eyeglasses
101288,A 3D Model of Eyeglasses
101291,A 3D Model of Eyeglasses
101293,A 3D Model of Eyeglasses
101297,A 3D Model of Eyeglasses
101300,A 3D Model of Eyeglasses
101303,A 3D Model of Eyeglasses
101305,A 3D Model of Kettle
101311,A 3D Model of Kettle
101313,A 3D Model of Kettle
101315,A 3D Model of Kettle
101319,A 3D Model of Toilet
101320,A 3D Model of Toilet
101323,A 3D Model of Toilet
101326,A 3D Model of Eyeglasses
101328,A 3D Model of Eyeglasses
101332,A 3D Model of Eyeglasses
101335,A 3D Model of Eyeglasses
101336,A 3D Model of Dispenser
101352,A 3D Model of Camera
101362,A 3D Model of Camera
101363,A 3D Model of Safe
101365,A 3D Model of Fan
101366,A 3D Model of Fan
101369,A 3D Model of Fan
101371,A 3D Model of Fan
101372,A 3D Model of Fan
101373,A 3D Model of Fan
101374,A 3D Model of Fan
101375,A 3D Model of Fan
101377,A 3D Model of Trashcan
101378,A 3D Model of Trashcan
101380,A 3D Model of Trashcan
101382,A 3D Model of Fan
101383,A 3D Model of Fan
101384,A 3D Model of Trashcan
101386,A 3D Model of Fan
101387,A 3D Model of Fan
101388,A 3D Model of Fan
101389,A 3D Model of Fan
101396,A 3D Model of Fan
101397,A 3D Model of Fan
101399,A 3D Model of Mouse
101401,A 3D Model of Fan
101402,A 3D Model of Fan
101403,A 3D Model of Mouse
101405,A 3D Model of Fan
101407,A 3D Model of Fan
101408,A 3D Model of Mouse
101413,A 3D Model of Fan
101416,A 3D Model of Mouse
101417,A 3D Model of Dispenser
101419,A 3D Model of Fan
101420,A 3D Model of Fan
101421,A 3D Model of Fan
101422,A 3D Model of Fan
101423,A 3D Model of Fan
101425,A 3D Model of Fan
101428,A 3D Model of Fan
101429,A 3D Model of Fan
10143,A 3D Model of Refrigerator
101432,A 3D Model of Fan
101433,A 3D Model of Fan
101435,A 3D Model of Fan
101436,A 3D Model of Fan
101437,A 3D Model of Fan
101439,A 3D Model of Fan
10144,A 3D Model of Refrigerator
101440,A 3D Model of Fan
101441,A 3D Model of Fan
101442,A 3D Model of Dispenser
101444,A 3D Model of Fan
101445,A 3D Model of Fan
101446,A 3D Model of Fan
101448,A 3D Model of Fan
101449,A 3D Model of Fan
101450,A 3D Model of Fan
101456,A 3D Model of Fan
101457,A 3D Model of Fan
101458,A 3D Model of Dispenser
101460,A 3D Model of Fan
101461,A 3D Model of Fan
101463,A 3D Model of Dispenser
101465,A 3D Model of Fan
101467,A 3D Model of Fan
101468,A 3D Model of Fan
101469,A 3D Model of Fan
101470,A 3D Model of Fan
101472,A 3D Model of Fan
101474,A 3D Model of Fan
101475,A 3D Model of Fan
101476,A 3D Model of Fan
101481,A 3D Model of Fan
101483,A 3D Model of Fan
101489,A 3D Model of Dispenser
101490,A 3D Model of Dispenser
101493,A 3D Model of Fan
101494,A 3D Model of Fan
101496,A 3D Model of Fan
101499,A 3D Model of Fan
101501,A 3D Model of Dispenser
101504,A 3D Model of Fan
101505,A 3D Model of Fan
101507,A 3D Model of Dispenser
101510,A 3D Model of Fan
101511,A 3D Model of Fan
101517,A 3D Model of Dispenser
101520,A 3D Model of Dispenser
101523,A 3D Model of Fan
101524,A 3D Model of Fan
101528,A 3D Model of Dispenser
101531,A 3D Model of Dispenser
101533,A 3D Model of Dispenser
101539,A 3D Model of Dispenser
101540,A 3D Model of Dispenser
101541,A 3D Model of Dispenser
101542,A 3D Model of Dispenser
101546,A 3D Model of Dispenser
101548,A 3D Model of Fan
101557,A 3D Model of Dispenser
101558,A 3D Model of Dispenser
101560,A 3D Model of Dispenser
101561,A 3D Model of Dispenser
101563,A 3D Model of Dispenser
101564,A 3D Model of Safe
101565,A 3D Model of Dispenser
101566,A 3D Model of Dispenser
101579,A 3D Model of Safe
101583,A 3D Model of Safe
101584,A 3D Model of Safe
101591,A 3D Model of Safe
101593,A 3D Model of Safe
101594,A 3D Model of Safe
101599,A 3D Model of Safe
101603,A 3D Model of Safe
101604,A 3D Model of Safe
101605,A 3D Model of Safe
101611,A 3D Model of Safe
101612,A 3D Model of Safe
101613,A 3D Model of Safe
101619,A 3D Model of Safe
101623,A 3D Model of Safe
101659,A 3D Model of Knife
101660,A 3D Model of Knife
101662,A 3D Model of Knife
101668,A 3D Model of Suitcase
101673,A 3D Model of Suitcase
101681,A 3D Model of Suitcase
101685,A 3D Model of Pen
101698,A 3D Model of Pen
101703,A 3D Model of Pen
101712,A 3D Model of Pen
101713,A 3D Model of Pen
101714,A 3D Model of Pen
101722,A 3D Model of Pen
101727,A 3D Model of Pen
101732,A 3D Model of Pen
101735,A 3D Model of Pen
101736,A 3D Model of Pen
101741,A 3D Model of Pen
101748,A 3D Model of Pen
101770,A 3D Model of Pen
101773,A 3D Model of Oven
101786,A 3D Model of Pen
101787,A 3D Model of Pen
101793,A 3D Model of Pen
101796,A 3D Model of Pen
101808,A 3D Model of Oven
101831,A 3D Model of Eyeglasses
101833,A 3D Model of Eyeglasses
101836,A 3D Model of Eyeglasses
101838,A 3D Model of Eyeglasses
101839,A 3D Model of Eyeglasses
101840,A 3D Model of Eyeglasses
101842,A 3D Model of Eyeglasses
101843,A 3D Model of Eyeglasses
101844,A 3D Model of Eyeglasses
101845,A 3D Model of Eyeglasses
101848,A 3D Model of Eyeglasses
101859,A 3D Model of Eyeglasses
101860,A 3D Model of Eyeglasses
101861,A 3D Model of Eyeglasses
101863,A 3D Model of Eyeglasses
101864,A 3D Model of Eyeglasses
101866,A 3D Model of Eyeglasses
101868,A 3D Model of Eyeglasses
101869,A 3D Model of Eyeglasses
101870,A 3D Model of Eyeglasses
101871,A 3D Model of Eyeglasses
101874,A 3D Model of Eyeglasses
101886,A 3D Model of USB
101892,A 3D Model of Cart
101908,A 3D Model of Oven
101909,A 3D Model of Oven
101917,A 3D Model of Oven
101921,A 3D Model of Oven
101924,A 3D Model of Oven
101930,A 3D Model of Oven
101931,A 3D Model of Oven
101940,A 3D Model of Oven
101943,A 3D Model of Oven
101946,A 3D Model of Oven
101947,A 3D Model of Oven
101948,A 3D Model of USB
101950,A 3D Model of USB
101952,A 3D Model of USB
101960,A 3D Model of USB
101971,A 3D Model of Oven
101982,A 3D Model of USB
101983,A 3D Model of USB
101994,A 3D Model of USB
101999,A 3D Model of USB
102001,A 3D Model of Oven
102004,A 3D Model of USB
102008,A 3D Model of USB
102009,A 3D Model of USB
102016,A 3D Model of USB
102018,A 3D Model of Oven
102019,A 3D Model of Oven
102021,A 3D Model of USB
102024,A 3D Model of USB
102025,A 3D Model of USB
102033,A 3D Model of USB
102037,A 3D Model of USB
102042,A 3D Model of USB
102044,A 3D Model of Oven
102052,A 3D Model of USB
102053,A 3D Model of USB
102055,A 3D Model of Oven
102060,A 3D Model of Oven
102062,A 3D Model of USB
102063,A 3D Model of USB
102065,A 3D Model of USB
102068,A 3D Model of USB
102070,A 3D Model of Fan
102073,A 3D Model of Pliers
102074,A 3D Model of Pliers
102075,A 3D Model of Pliers
102080,A 3D Model of KitchenPot
102085,A 3D Model of KitchenPot
102090,A 3D Model of Fan
102092,A 3D Model of Fan
102093,A 3D Model of Fan
102095,A 3D Model of Fan
102099,A 3D Model of Fan
102100,A 3D Model of Fan
10211,A 3D Model of Laptop
10213,A 3D Model of Laptop
102130,A 3D Model of Remote
102145,A 3D Model of CoffeeMachine
102149,A 3D Model of CoffeeMachine
102153,A 3D Model of Trashcan
102154,A 3D Model of Trashcan
102155,A 3D Model of Trashcan
102156,A 3D Model of Trashcan
102158,A 3D Model of Trashcan
102160,A 3D Model of Trashcan
102163,A 3D Model of Trashcan
102165,A 3D Model of Trashcan
102171,A 3D Model of Trashcan
102173,A 3D Model of Trashcan
102177,A 3D Model of Trashcan
102181,A 3D Model of Trashcan
102182,A 3D Model of Trashcan
102186,A 3D Model of Trashcan
102187,A 3D Model of Trashcan
102189,A 3D Model of Trashcan
102192,A 3D Model of Trashcan
102193,A 3D Model of Trashcan
102194,A 3D Model of Trashcan
102200,A 3D Model of Trashcan
102201,A 3D Model of Trashcan
102202,A 3D Model of Trashcan
102209,A 3D Model of Trashcan
102210,A 3D Model of Trashcan
102218,A 3D Model of Trashcan
102219,A 3D Model of Trashcan
102221,A 3D Model of Pliers
102227,A 3D Model of Trashcan
102229,A 3D Model of Trashcan
102234,A 3D Model of Trashcan
102242,A 3D Model of Pliers
102243,A 3D Model of Pliers
102244,A 3D Model of Trashcan
102251,A 3D Model of Pliers
102252,A 3D Model of Trashcan
102253,A 3D Model of Pliers
102254,A 3D Model of Trashcan
102255,A 3D Model of FoldingChair
102256,A 3D Model of Trashcan
102257,A 3D Model of Trashcan
102258,A 3D Model of Pliers
102259,A 3D Model of Trashcan
102260,A 3D Model of Pliers
102263,A 3D Model of FoldingChair
102266,A 3D Model of Pliers
102269,A 3D Model of FoldingChair
102272,A 3D Model of Mouse
102273,A 3D Model of Mouse
102276,A 3D Model of Mouse
102278,A 3D Model of Safe
102285,A 3D Model of Pliers
102288,A 3D Model of Pliers
102290,A 3D Model of Mouse
102292,A 3D Model of Pliers
102301,A 3D Model of Safe
102309,A 3D Model of Safe
102311,A 3D Model of Safe
102314,A 3D Model of FoldingChair
102316,A 3D Model of Safe
102318,A 3D Model of Safe
102333,A 3D Model of FoldingChair
102347,A 3D Model of Cart
102352,A 3D Model of Bucket
102358,A 3D Model of Bucket
102359,A 3D Model of Bucket
102363,A 3D Model of Bucket
102365,A 3D Model of Bucket
102367,A 3D Model of Bucket
102369,A 3D Model of Bucket
102373,A 3D Model of Box
102377,A 3D Model of Box
102379,A 3D Model of Box
10238,A 3D Model of Laptop
102380,A 3D Model of Safe
102381,A 3D Model of Safe
102384,A 3D Model of Safe
102387,A 3D Model of Safe
102389,A 3D Model of Safe
10239,A 3D Model of Laptop
102394,A 3D Model of Camera
102398,A 3D Model of Camera
102400,A 3D Model of Knife
102401,A 3D Model of Knife
102402,A 3D Model of Knife
102403,A 3D Model of Camera
102407,A 3D Model of Camera
102408,A 3D Model of Camera
102411,A 3D Model of Camera
102414,A 3D Model of Camera
102417,A 3D Model of Camera
102418,A 3D Model of Safe
102423,A 3D Model of Safe
10243,A 3D Model of Laptop
102431,A 3D Model of Camera
102432,A 3D Model of Camera
102434,A 3D Model of Camera
102442,A 3D Model of Camera
102456,A 3D Model of Box
102472,A 3D Model of Camera
10248,A 3D Model of Laptop
102505,A 3D Model of Camera
102506,A 3D Model of Camera
102520,A 3D Model of Camera
102523,A 3D Model of Camera
102527,A 3D Model of Camera
102528,A 3D Model of Camera
102532,A 3D Model of Camera
102536,A 3D Model of Camera
102539,A 3D Model of Camera
102542,A 3D Model of Camera
102546,A 3D Model of Cart
102548,A 3D Model of Cart
102551,A 3D Model of Cart
102552,A 3D Model of Cart
102555,A 3D Model of Cart
102556,A 3D Model of Cart
102557,A 3D Model of Cart
102561,A 3D Model of Cart
102562,A 3D Model of Cart
102567,A 3D Model of Eyeglasses
102568,A 3D Model of Eyeglasses
102569,A 3D Model of Eyeglasses
102570,A 3D Model of Eyeglasses
102571,A 3D Model of Eyeglasses
102572,A 3D Model of Eyeglasses
102573,A 3D Model of Eyeglasses
102578,A 3D Model of Eyeglasses
102586,A 3D Model of Eyeglasses
102587,A 3D Model of Eyeglasses
102588,A 3D Model of Eyeglasses
102589,A 3D Model of Eyeglasses
102590,A 3D Model of Eyeglasses
102591,A 3D Model of Eyeglasses
102596,A 3D Model of Eyeglasses
102599,A 3D Model of Eyeglasses
102601,A 3D Model of Eyeglasses
102603,A 3D Model of Eyeglasses
102608,A 3D Model of Eyeglasses
102611,A 3D Model of Eyeglasses
102612,A 3D Model of Eyeglasses
102617,A 3D Model of Eyeglasses
102619,A 3D Model of Toilet
102620,A 3D Model of Toilet
102621,A 3D Model of Toilet
102622,A 3D Model of Toilet
102625,A 3D Model of Toilet
102628,A 3D Model of Toilet
102629,A 3D Model of Toilet
102630,A 3D Model of Toilet
102631,A 3D Model of Toilet
102632,A 3D Model of Toilet
102634,A 3D Model of Toilet
102636,A 3D Model of Toilet
102639,A 3D Model of Toilet
102641,A 3D Model of Toilet
102643,A 3D Model of Toilet
102645,A 3D Model of Toilet
102646,A 3D Model of Toilet
102647,A 3D Model of Toilet
102648,A 3D Model of Toilet
102649,A 3D Model of Toilet
102650,A 3D Model of Toilet
102651,A 3D Model of Toilet
102652,A 3D Model of Toilet
102654,A 3D Model of Toilet
102655,A 3D Model of Toilet
102657,A 3D Model of Toilet
102658,A 3D Model of Toilet
102660,A 3D Model of Toilet
102662,A 3D Model of Toilet
102663,A 3D Model of Toilet
102664,A 3D Model of Toilet
102665,A 3D Model of Toilet
102666,A 3D Model of Toilet
102667,A 3D Model of Toilet
102668,A 3D Model of Toilet
102669,A 3D Model of Toilet
102670,A 3D Model of Toilet
102675,A 3D Model of Toilet
102676,A 3D Model of Toilet
102677,A 3D Model of Toilet
102678,A 3D Model of Toilet
102679,A 3D Model of Toilet
102682,A 3D Model of Toilet
102684,A 3D Model of Toilet
102685,A 3D Model of Toilet
102687,A 3D Model of Toilet
102688,A 3D Model of Toilet
102689,A 3D Model of Toilet
10269,A 3D Model of Laptop
102690,A 3D Model of Toilet
102692,A 3D Model of Toilet
102694,A 3D Model of Toilet
102697,A 3D Model of Toilet
102698,A 3D Model of Toilet
102699,A 3D Model of Toilet
10270,A 3D Model of Laptop
102701,A 3D Model of Toilet
102702,A 3D Model of Toilet
102703,A 3D Model of Toilet
102704,A 3D Model of Toilet
102706,A 3D Model of Toilet
102707,A 3D Model of Toilet
102708,A 3D Model of Toilet
102710,A 3D Model of Toilet
102714,A 3D Model of Kettle
102715,A 3D Model of Kettle
102720,A 3D Model of Kettle
102724,A 3D Model of Kettle
102726,A 3D Model of Kettle
102730,A 3D Model of Kettle
102732,A 3D Model of Kettle
102736,A 3D Model of Kettle
102738,A 3D Model of Kettle
102739,A 3D Model of Kettle
102753,A 3D Model of Kettle
102756,A 3D Model of Kettle
102761,A 3D Model of Kettle
102763,A 3D Model of Kettle
102765,A 3D Model of Kettle
102768,A 3D Model of Kettle
102773,A 3D Model of Kettle
102786,A 3D Model of Kettle
102798,A 3D Model of Window
1028,A 3D Model of Faucet
10280,A 3D Model of Laptop
102801,A 3D Model of Window
102802,A 3D Model of Window
102803,A 3D Model of Window
102804,A 3D Model of Window
102805,A 3D Model of Window
102810,A 3D Model of Switch
102812,A 3D Model of Switch
102817,A 3D Model of Switch
102829,A 3D Model of Camera
102831,A 3D Model of Camera
102834,A 3D Model of Camera
102836,A 3D Model of Switch
102839,A 3D Model of Switch
102843,A 3D Model of Switch
102844,A 3D Model of Switch
102845,A 3D Model of Camera
102852,A 3D Model of Camera
102856,A 3D Model of Switch
102860,A 3D Model of Switch
102864,A 3D Model of Switch
102870,A 3D Model of Camera
102872,A 3D Model of Switch
102873,A 3D Model of Camera
102874,A 3D Model of Camera
102876,A 3D Model of Camera
102882,A 3D Model of Camera
10289,A 3D Model of Laptop
102890,A 3D Model of Camera
102892,A 3D Model of Camera
102896,A 3D Model of Window
102901,A 3D Model of CoffeeMachine
102903,A 3D Model of Window
102905,A 3D Model of Window
102906,A 3D Model of Window
102909,A 3D Model of Pen
102910,A 3D Model of Pen
102911,A 3D Model of Pen
102915,A 3D Model of Pen
102916,A 3D Model of Pen
102917,A 3D Model of Pen
102918,A 3D Model of Pen
102922,A 3D Model of Pen
102931,A 3D Model of Pen
102938,A 3D Model of Pen
102939,A 3D Model of Pen
102940,A 3D Model of Pen
102942,A 3D Model of Pen
102943,A 3D Model of Pen
102944,A 3D Model of Pen
102945,A 3D Model of Pen
102946,A 3D Model of Pen
102952,A 3D Model of Pen
102957,A 3D Model of Pen
102960,A 3D Model of Pen
102961,A 3D Model of Pen
102962,A 3D Model of Pen
102963,A 3D Model of Pen
102965,A 3D Model of Pen
102966,A 3D Model of Pen
102970,A 3D Model of Pen
102973,A 3D Model of Pen
102975,A 3D Model of Pen
102977,A 3D Model of Window
102980,A 3D Model of Pen
102981,A 3D Model of Window
102982,A 3D Model of Pen
102984,A 3D Model of Window
102985,A 3D Model of Window
102989,A 3D Model of Cart
102990,A 3D Model of Stapler
102992,A 3D Model of Trashcan
102994,A 3D Model of CoffeeMachine
102996,A 3D Model of Trashcan
103002,A 3D Model of CoffeeMachine
103007,A 3D Model of Trashcan
103008,A 3D Model of Trashcan
103009,A 3D Model of CoffeeMachine
103010,A 3D Model of Trashcan
103012,A 3D Model of Trashcan
103013,A 3D Model of Trashcan
103015,A 3D Model of Window
103016,A 3D Model of CoffeeMachine
103020,A 3D Model of Mouse
103022,A 3D Model of Mouse
103023,A 3D Model of Mouse
103024,A 3D Model of Mouse
103025,A 3D Model of Mouse
103026,A 3D Model of Mouse
103028,A 3D Model of Eyeglasses
103029,A 3D Model of Eyeglasses
103030,A 3D Model of CoffeeMachine
103031,A 3D Model of CoffeeMachine
103032,A 3D Model of Window
103037,A 3D Model of CoffeeMachine
103038,A 3D Model of CoffeeMachine
103040,A 3D Model of Window
103041,A 3D Model of CoffeeMachine
103042,A 3D Model of Window
103043,A 3D Model of CoffeeMachine
103044,A 3D Model of Window
103046,A 3D Model of CoffeeMachine
103048,A 3D Model of CoffeeMachine
10305,A 3D Model of Laptop
103050,A 3D Model of Window
103051,A 3D Model of Window
103052,A 3D Model of Window
103056,A 3D Model of Window
103057,A 3D Model of CoffeeMachine
103058,A 3D Model of Window
10306,A 3D Model of Laptop
103060,A 3D Model of CoffeeMachine
103062,A 3D Model of CoffeeMachine
103063,A 3D Model of Window
103064,A 3D Model of CoffeeMachine
103065,A 3D Model of CoffeeMachine
103067,A 3D Model of CoffeeMachine
103069,A 3D Model of CoffeeMachine
103070,A 3D Model of Window
103071,A 3D Model of CoffeeMachine
103072,A 3D Model of CoffeeMachine
103074,A 3D Model of CoffeeMachine
103075,A 3D Model of CoffeeMachine
103077,A 3D Model of Window
103079,A 3D Model of CoffeeMachine
103080,A 3D Model of CoffeeMachine
103082,A 3D Model of CoffeeMachine
103084,A 3D Model of CoffeeMachine
103086,A 3D Model of CoffeeMachine
103087,A 3D Model of CoffeeMachine
103088,A 3D Model of CoffeeMachine
103092,A 3D Model of CoffeeMachine
103095,A 3D Model of Stapler
103098,A 3D Model of CoffeeMachine
103099,A 3D Model of Stapler
103100,A 3D Model of Stapler
103101,A 3D Model of CoffeeMachine
103104,A 3D Model of Stapler
103105,A 3D Model of CoffeeMachine
103110,A 3D Model of CoffeeMachine
103111,A 3D Model of Stapler
103113,A 3D Model of Stapler
103118,A 3D Model of CoffeeMachine
103121,A 3D Model of CoffeeMachine
103123,A 3D Model of CoffeeMachine
103124,A 3D Model of CoffeeMachine
103125,A 3D Model of CoffeeMachine
103126,A 3D Model of CoffeeMachine
103127,A 3D Model of CoffeeMachine
103128,A 3D Model of CoffeeMachine
103129,A 3D Model of CoffeeMachine
103134,A 3D Model of CoffeeMachine
103135,A 3D Model of Window
103137,A 3D Model of CoffeeMachine
103138,A 3D Model of CoffeeMachine
103140,A 3D Model of CoffeeMachine
103143,A 3D Model of CoffeeMachine
103144,A 3D Model of CoffeeMachine
103146,A 3D Model of CoffeeMachine
103148,A 3D Model of Window
103149,A 3D Model of Window
103150,A 3D Model of Window
103152,A 3D Model of Fan
103153,A 3D Model of Fan
103154,A 3D Model of Fan
103171,A 3D Model of Fan
103177,A 3D Model of Eyeglasses
103178,A 3D Model of Eyeglasses
103184,A 3D Model of Eyeglasses
103186,A 3D Model of Eyeglasses
103189,A 3D Model of Eyeglasses
103194,A 3D Model of Eyeglasses
103201,A 3D Model of Kettle
103207,A 3D Model of Kettle
103208,A 3D Model of Kettle
103222,A 3D Model of Kettle
103223,A 3D Model of Kettle
103227,A 3D Model of Toilet
103230,A 3D Model of Toilet
103233,A 3D Model of Toilet
103234,A 3D Model of Toilet
103235,A 3D Model of Window
103236,A 3D Model of Window
103238,A 3D Model of Window
103239,A 3D Model of Window
103242,A 3D Model of Window
103251,A 3D Model of Phone
103252,A 3D Model of Phone
103253,A 3D Model of Window
103255,A 3D Model of Window
103268,A 3D Model of Window
103271,A 3D Model of Stapler
103273,A 3D Model of Stapler
103275,A 3D Model of Stapler
103276,A 3D Model of Stapler
103280,A 3D Model of Stapler
103283,A 3D Model of Stapler
103285,A 3D Model of Phone
103292,A 3D Model of Stapler
103293,A 3D Model of Stapler
103297,A 3D Model of Stapler
103299,A 3D Model of Stapler
103301,A 3D Model of Stapler
103303,A 3D Model of Stapler
103305,A 3D Model of Stapler
103307,A 3D Model of Stapler
103311,A 3D Model of Window
103312,A 3D Model of Window
103315,A 3D Model of Window
103316,A 3D Model of Window
103318,A 3D Model of Window
103319,A 3D Model of Window
103320,A 3D Model of Window
103321,A 3D Model of Window
103323,A 3D Model of Window
103325,A 3D Model of Window
103329,A 3D Model of Window
103332,A 3D Model of Window
103333,A 3D Model of Window
103339,A 3D Model of Window
103340,A 3D Model of Window
103347,A 3D Model of Phone
103350,A 3D Model of Phone
103351,A 3D Model of WashingMachine
103352,A 3D Model of Dispenser
103353,A 3D Model of Dispenser
103354,A 3D Model of Dispenser
103355,A 3D Model of Dispenser
103356,A 3D Model of Dispenser
103357,A 3D Model of Dispenser
103358,A 3D Model of Dispenser
103359,A 3D Model of Dispenser
103360,A 3D Model of Dispenser
103361,A 3D Model of WashingMachine
103369,A 3D Model of WashingMachine
103371,A 3D Model of Dispenser
103372,A 3D Model of Dispenser
103377,A 3D Model of Dispenser
103378,A 3D Model of Dispenser
103379,A 3D Model of Dispenser
103380,A 3D Model of Dispenser
103394,A 3D Model of Dispenser
103397,A 3D Model of Dispenser
1034,A 3D Model of Faucet
103402,A 3D Model of Dispenser
103404,A 3D Model of Dispenser
103405,A 3D Model of Dispenser
103406,A 3D Model of Dispenser
103407,A 3D Model of Dispenser
103408,A 3D Model of Dispenser
103410,A 3D Model of Dispenser
103412,A 3D Model of Dispenser
103416,A 3D Model of Dispenser
103419,A 3D Model of Dispenser
103422,A 3D Model of Dispenser
103423,A 3D Model of Dispenser
103424,A 3D Model of Dispenser
103425,A 3D Model of WashingMachine
103452,A 3D Model of WashingMachine
103465,A 3D Model of Toaster
103466,A 3D Model of Toaster
103469,A 3D Model of Toaster
10347,A 3D Model of Refrigerator
103473,A 3D Model of Toaster
103475,A 3D Model of Toaster
103477,A 3D Model of Toaster
103480,A 3D Model of WashingMachine
103482,A 3D Model of Toaster
103483,A 3D Model of Toaster
103485,A 3D Model of Toaster
103486,A 3D Model of Toaster
103490,A 3D Model of WashingMachine
103498,A 3D Model of Toaster
103502,A 3D Model of Toaster
103503,A 3D Model of Lighter
103508,A 3D Model of WashingMachine
103513,A 3D Model of Lighter
103514,A 3D Model of Toaster
103515,A 3D Model of Lighter
103516,A 3D Model of Lighter
103518,A 3D Model of WashingMachine
103521,A 3D Model of WashingMachine
103524,A 3D Model of Toaster
103528,A 3D Model of WashingMachine
103540,A 3D Model of Window
103545,A 3D Model of Toaster
103547,A 3D Model of Toaster
103548,A 3D Model of Toaster
103549,A 3D Model of Toaster
103553,A 3D Model of Toaster
103555,A 3D Model of Toaster
103556,A 3D Model of Toaster
103558,A 3D Model of Toaster
103559,A 3D Model of Toaster
10356,A 3D Model of Laptop
103560,A 3D Model of Toaster
103561,A 3D Model of Toaster
10357,A 3D Model of Trash Can
103572,A 3D Model of Knife
103575,A 3D Model of Knife
103582,A 3D Model of Knife
103583,A 3D Model of Knife
103585,A 3D Model of Knife
103593,A 3D Model of Phone
103619,A 3D Model of Dispenser
103633,A 3D Model of Trashcan
103634,A 3D Model of Trashcan
103635,A 3D Model of Trashcan
103639,A 3D Model of Trashcan
103646,A 3D Model of Trashcan
103647,A 3D Model of Trashcan
103669,A 3D Model of Window
103684,A 3D Model of Window
103699,A 3D Model of Phone
103700,A 3D Model of Knife
103706,A 3D Model of Knife
103713,A 3D Model of Knife
103716,A 3D Model of Knife
103723,A 3D Model of Knife
103725,A 3D Model of Knife
103728,A 3D Model of Knife
103729,A 3D Model of Knife
10373,A 3D Model of Refrigerator
103733,A 3D Model of Knife
103735,A 3D Model of Knife
103739,A 3D Model of Knife
103740,A 3D Model of Knife
103755,A 3D Model of Suitcase
103757,A 3D Model of Suitcase
103761,A 3D Model of Suitcase
103762,A 3D Model of Suitcase
103770,A 3D Model of Luggage
103775,A 3D Model of WashingMachine
103776,A 3D Model of WashingMachine
103778,A 3D Model of WashingMachine
103781,A 3D Model of WashingMachine
103789,A 3D Model of Stapler
103792,A 3D Model of Stapler
103811,A 3D Model of Printer
103813,A 3D Model of Phone
103814,A 3D Model of Phone
103828,A 3D Model of Phone
10383,A 3D Model of Laptop
103853,A 3D Model of Printer
103859,A 3D Model of Printer
103863,A 3D Model of Printer
103866,A 3D Model of Printer
103867,A 3D Model of Printer
103869,A 3D Model of Printer
103872,A 3D Model of Printer
103878,A 3D Model of Printer
103886,A 3D Model of Phone
103892,A 3D Model of Phone
103894,A 3D Model of Printer
103916,A 3D Model of Phone
103917,A 3D Model of Phone
103925,A 3D Model of Phone
103927,A 3D Model of Phone
103935,A 3D Model of Phone
103941,A 3D Model of Phone
103963,A 3D Model of Globe
103964,A 3D Model of Globe
103965,A 3D Model of Globe
103967,A 3D Model of Globe
103968,A 3D Model of Globe
103969,A 3D Model of Globe
103971,A 3D Model of Globe
103972,A 3D Model of Printer
103974,A 3D Model of Printer
103978,A 3D Model of Printer
103981,A 3D Model of Printer
103988,A 3D Model of Printer
103989,A 3D Model of Printer
103990,A 3D Model of Globe
103996,A 3D Model of Printer
104000,A 3D Model of Printer
104004,A 3D Model of Printer
104006,A 3D Model of Printer
104007,A 3D Model of Printer
104009,A 3D Model of Printer
104011,A 3D Model of Printer
104013,A 3D Model of Printer
104016,A 3D Model of Printer
104020,A 3D Model of Printer
104027,A 3D Model of Printer
104030,A 3D Model of Printer
104036,A 3D Model of Remote
104038,A 3D Model of Remote
104039,A 3D Model of Remote
104040,A 3D Model of Remote
104041,A 3D Model of Remote
104044,A 3D Model of Remote
104045,A 3D Model of Remote
10449,A 3D Model of Scissors
10450,A 3D Model of Scissors
10489,A 3D Model of Refrigerator
10495,A 3D Model of Scissors
10499,A 3D Model of Scissors
10502,A 3D Model of Scissors
1052,A 3D Model of Faucet
1053,A 3D Model of Faucet
10537,A 3D Model of Scissors
10546,A 3D Model of Scissors
10557,A 3D Model of Scissors
10558,A 3D Model of Scissors
10559,A 3D Model of Scissors
10561,A 3D Model of Scissors
10562,A 3D Model of Scissors
10564,A 3D Model of Scissors
10567,A 3D Model of Scissors
10569,A 3D Model of Scissors
10584,A 3D Model of Trash Can
10586,A 3D Model of Refrigerator
10612,A 3D Model of Refrigerator
10620,A 3D Model of Refrigerator
10622,A 3D Model of Scissors
10626,A 3D Model of Laptop
10627,A 3D Model of Refrigerator
10638,A 3D Model of Refrigerator
10655,A 3D Model of Refrigerator
10685,A 3D Model of Refrigerator
10686,A 3D Model of Scissors
10697,A 3D Model of Laptop
10707,A 3D Model of Laptop
10751,A 3D Model of Refrigerator
10797,A 3D Model of Refrigerator
10844,A 3D Model of Scissors
10849,A 3D Model of Refrigerator
10867,A 3D Model of Refrigerator
10885,A 3D Model of Laptop
10889,A 3D Model of Scissors
10893,A 3D Model of Scissors
10894,A 3D Model of Scissors
10895,A 3D Model of Scissors
10900,A 3D Model of Refrigerator
10902,A 3D Model of Scissors
10905,A 3D Model of Refrigerator
10907,A 3D Model of Scissors
10915,A 3D Model of Laptop
10944,A 3D Model of Refrigerator
10960,A 3D Model of Scissors
10962,A 3D Model of Scissors
10968,A 3D Model of Scissors
10973,A 3D Model of Scissors
10975,A 3D Model of Scissors
11013,A 3D Model of Scissors
11020,A 3D Model of Scissors
11021,A 3D Model of Scissors
11026,A 3D Model of Scissors
11028,A 3D Model of Scissors
11029,A 3D Model of Scissors
11030,A 3D Model of Laptop
11036,A 3D Model of Scissors
11040,A 3D Model of Scissors
11047,A 3D Model of Scissors
11052,A 3D Model of Scissors
11075,A 3D Model of Laptop
11077,A 3D Model of Scissors
11080,A 3D Model of Scissors
11089,A 3D Model of Scissors
11099,A 3D Model of Scissors
11100,A 3D Model of Scissors
11103,A 3D Model of Scissors
11111,A 3D Model of Scissors
11113,A 3D Model of Scissors
11124,A 3D Model of Trash Can
11141,A 3D Model of Laptop
11156,A 3D Model of Laptop
11178,A 3D Model of Refrigerator
11211,A 3D Model of Refrigerator
11229,A 3D Model of Trash Can
11231,A 3D Model of Refrigerator
11242,A 3D Model of Laptop
11248,A 3D Model of Laptop
11259,A 3D Model of Trash Can
11260,A 3D Model of Refrigerator
11279,A 3D Model of Trash Can
11299,A 3D Model of Refrigerator
11304,A 3D Model of Refrigerator
11361,A 3D Model of Trash Can
11395,A 3D Model of Laptop
11405,A 3D Model of Laptop
11406,A 3D Model of Laptop
11429,A 3D Model of Laptop
11477,A 3D Model of Laptop
11538,A 3D Model of Laptop
11550,A 3D Model of Refrigerator
11581,A 3D Model of Laptop
11586,A 3D Model of Laptop
11622,A 3D Model of Dish Washer
11661,A 3D Model of Dish Washer
11691,A 3D Model of Laptop
11700,A 3D Model of Dish Washer
11709,A 3D Model of Refrigerator
11712,A 3D Model of Refrigerator
11778,A 3D Model of Laptop
11818,A 3D Model of Trash Can
11826,A 3D Model of Dish Washer
11846,A 3D Model of Refrigerator
11854,A 3D Model of Laptop
11876,A 3D Model of Laptop
11887,A 3D Model of Dish Washer
11888,A 3D Model of Laptop
11945,A 3D Model of Laptop
11951,A 3D Model of Trash Can
12036,A 3D Model of Refrigerator
12038,A 3D Model of Refrigerator
12042,A 3D Model of Refrigerator
12043,A 3D Model of Refrigerator
12050,A 3D Model of Refrigerator
12054,A 3D Model of Refrigerator
12055,A 3D Model of Refrigerator
12059,A 3D Model of Refrigerator
12065,A 3D Model of Dish Washer
12066,A 3D Model of Refrigerator
12071,A 3D Model of Dish Washer
12073,A 3D Model of Laptop
12085,A 3D Model of Dish Washer
12092,A 3D Model of Dish Washer
12115,A 3D Model of Laptop
12231,A 3D Model of Trash Can
12248,A 3D Model of Refrigerator
12249,A 3D Model of Refrigerator
12250,A 3D Model of Refrigerator
12252,A 3D Model of Refrigerator
12259,A 3D Model of Dish Washer
12289,A 3D Model of Trash Can
12349,A 3D Model of Dish Washer
12414,A 3D Model of Dish Washer
12428,A 3D Model of Dish Washer
12445,A 3D Model of Trash Can
12447,A 3D Model of Trash Can
12477,A 3D Model of Trash Can
12480,A 3D Model of Dish Washer
12483,A 3D Model of Trash Can
12484,A 3D Model of Dish Washer
12530,A 3D Model of Dish Washer
12531,A 3D Model of Dish Washer
12536,A 3D Model of Dish Washer
12540,A 3D Model of Dish Washer
12542,A 3D Model of Dish Washer
12543,A 3D Model of Dish Washer
12552,A 3D Model of Dish Washer
12553,A 3D Model of Dish Washer
12558,A 3D Model of Dish Washer
12559,A 3D Model of Dish Washer
12560,A 3D Model of Dish Washer
12561,A 3D Model of Dish Washer
12562,A 3D Model of Dish Washer
12563,A 3D Model of Dish Washer
12565,A 3D Model of Dish Washer
12578,A 3D Model of Dish Washer
12579,A 3D Model of Dish Washer
12580,A 3D Model of Dish Washer
12583,A 3D Model of Dish Washer
12584,A 3D Model of Dish Washer
12587,A 3D Model of Dish Washer
12590,A 3D Model of Dish Washer
12592,A 3D Model of Dish Washer
12594,A 3D Model of Dish Washer
12596,A 3D Model of Dish Washer
12597,A 3D Model of Dish Washer
12605,A 3D Model of Dish Washer
12606,A 3D Model of Dish Washer
12612,A 3D Model of Dish Washer
12614,A 3D Model of Dish Washer
12617,A 3D Model of Dish Washer
12621,A 3D Model of Dish Washer
12654,A 3D Model of Dish Washer
12727,A 3D Model of Keyboard
12738,A 3D Model of Keyboard
1280,A 3D Model of Faucet
12829,A 3D Model of Keyboard
12834,A 3D Model of Keyboard
12836,A 3D Model of Keyboard
12838,A 3D Model of Keyboard
12851,A 3D Model of Keyboard
1288,A 3D Model of Faucet
12880,A 3D Model of Keyboard
12886,A 3D Model of Keyboard
12902,A 3D Model of Keyboard
12917,A 3D Model of Keyboard
12923,A 3D Model of Keyboard
12947,A 3D Model of Keyboard
12953,A 3D Model of Keyboard
12956,A 3D Model of Keyboard
12965,A 3D Model of Keyboard
12968,A 3D Model of Keyboard
12977,A 3D Model of Keyboard
12996,A 3D Model of Keyboard
12999,A 3D Model of Keyboard
13004,A 3D Model of Keyboard
13023,A 3D Model of Keyboard
13024,A 3D Model of Keyboard
13027,A 3D Model of Keyboard
13062,A 3D Model of Keyboard
13064,A 3D Model of Keyboard
13075,A 3D Model of Keyboard
13082,A 3D Model of Keyboard
13086,A 3D Model of Keyboard
13095,A 3D Model of Keyboard
13100,A 3D Model of Keyboard
13106,A 3D Model of Keyboard
13120,A 3D Model of Keyboard
13136,A 3D Model of Keyboard
13153,A 3D Model of Keyboard
13154,A 3D Model of Keyboard
13310,A 3D Model of Lamp
1343,A 3D Model of Faucet
13491,A 3D Model of Lamp
13525,A 3D Model of Lamp
1370,A 3D Model of Faucet
1380,A 3D Model of Faucet
1386,A 3D Model of Faucet
13865,A 3D Model of Lamp
13928,A 3D Model of Lamp
1401,A 3D Model of Faucet
14127,A 3D Model of Lamp
14205,A 3D Model of Lamp
1427,A 3D Model of Faucet
14306,A 3D Model of Lamp
14314,A 3D Model of Lamp
1435,A 3D Model of Faucet
14351,A 3D Model of Lamp
14372,A 3D Model of Lamp
14379,A 3D Model of Lamp
14402,A 3D Model of Lamp
14422,A 3D Model of Lamp
1444,A 3D Model of Faucet
14563,A 3D Model of Lamp
14567,A 3D Model of Lamp
14605,A 3D Model of Lamp
1466,A 3D Model of Faucet
14703,A 3D Model of Lamp
1479,A 3D Model of Faucet
148,A 3D Model of Faucet
1488,A 3D Model of Faucet
149,A 3D Model of Faucet
14905,A 3D Model of Lamp
1492,A 3D Model of Faucet
14962,A 3D Model of Lamp
14977,A 3D Model of Lamp
14986,A 3D Model of Lamp
15028,A 3D Model of Lamp
15030,A 3D Model of Lamp
15082,A 3D Model of Lamp
15084,A 3D Model of Lamp
152,A 3D Model of Faucet
1528,A 3D Model of Faucet
153,A 3D Model of Faucet
15335,A 3D Model of Lamp
154,A 3D Model of Faucet
15423,A 3D Model of Lamp
15425,A 3D Model of Lamp
1556,A 3D Model of Faucet
15574,A 3D Model of Lamp
156,A 3D Model of Faucet
15729,A 3D Model of Lamp
15879,A 3D Model of Lamp
15913,A 3D Model of Lamp
1596,A 3D Model of Faucet
16012,A 3D Model of Lamp
16016,A 3D Model of Lamp
16032,A 3D Model of Lamp
16047,A 3D Model of Lamp
16208,A 3D Model of Lamp
16237,A 3D Model of Lamp
1626,A 3D Model of Faucet
1633,A 3D Model of Faucet
16378,A 3D Model of Lamp
16434,A 3D Model of Lamp
1646,A 3D Model of Faucet
1653,A 3D Model of Faucet
16547,A 3D Model of Lamp
1667,A 3D Model of Faucet
16675,A 3D Model of Lamp
1668,A 3D Model of Faucet
167,A 3D Model of Faucet
16794,A 3D Model of Lamp
168,A 3D Model of Faucet
16832,A 3D Model of Lamp
1712,A 3D Model of Faucet
1721,A 3D Model of Faucet
1741,A 3D Model of Faucet
1785,A 3D Model of Faucet
1788,A 3D Model of Faucet
179,A 3D Model of Sitting Furniture
1794,A 3D Model of Faucet
1795,A 3D Model of Faucet
1802,A 3D Model of Faucet
1817,A 3D Model of Faucet
1823,A 3D Model of Faucet
1832,A 3D Model of Faucet
1885,A 3D Model of Faucet
1886,A 3D Model of Faucet
1896,A 3D Model of Faucet
1901,A 3D Model of Faucet
1903,A 3D Model of Faucet
19179,A 3D Model of Table
19203,A 3D Model of Table
1925,A 3D Model of Faucet
1931,A 3D Model of Faucet
1935,A 3D Model of Faucet
19384,A 3D Model of Table
1941,A 3D Model of Faucet
1961,A 3D Model of Faucet
19740,A 3D Model of Table
19825,A 3D Model of Table
19836,A 3D Model of Table
19855,A 3D Model of Table
1986,A 3D Model of Faucet
19898,A 3D Model of Table
20043,A 3D Model of Table
20077,A 3D Model of Table
2017,A 3D Model of Faucet
20279,A 3D Model of Table
2035,A 3D Model of Faucet
20411,A 3D Model of Table
20453,A 3D Model of Table
2054,A 3D Model of Faucet
20555,A 3D Model of Table
20745,A 3D Model of Table
2082,A 3D Model of Faucet
2083,A 3D Model of Faucet
2084,A 3D Model of Faucet
2095,A 3D Model of Faucet
20985,A 3D Model of Table
2108,A 3D Model of Faucet
2113,A 3D Model of Faucet
2115,A 3D Model of Faucet
2140,A 3D Model of Faucet
21467,A 3D Model of Table
21473,A 3D Model of Table
2170,A 3D Model of Faucet
21718,A 3D Model of Table
22241,A 3D Model of Table
2230,A 3D Model of Sitting Furniture
22301,A 3D Model of Table
22339,A 3D Model of Table
22367,A 3D Model of Table
22433,A 3D Model of Table
22508,A 3D Model of Table
22692,A 3D Model of Table
22870,A 3D Model of Table
2320,A 3D Model of Sitting Furniture
23372,A 3D Model of Table
23472,A 3D Model of Table
23511,A 3D Model of Table
2364,A 3D Model of Sitting Furniture
23650,A 3D Model of Table
23724,A 3D Model of Table
23782,A 3D Model of Table
23807,A 3D Model of Table
24152,A 3D Model of Table
2440,A 3D Model of Sitting Furniture
24644,A 3D Model of Table
2471,A 3D Model of Sitting Furniture
2490,A 3D Model of Sitting Furniture
24931,A 3D Model of Table
25144,A 3D Model of Table
25160,A 3D Model of Table
25308,A 3D Model of Table
25493,A 3D Model of Table
2554,A 3D Model of Sitting Furniture
25756,A 3D Model of Table
25913,A 3D Model of Table
25959,A 3D Model of Table
26073,A 3D Model of Table
2627,A 3D Model of Sitting Furniture
26387,A 3D Model of Table
26503,A 3D Model of Table
26525,A 3D Model of Table
26545,A 3D Model of Table
26608,A 3D Model of Table
26652,A 3D Model of Table
26657,A 3D Model of Table
26670,A 3D Model of Table
26692,A 3D Model of Table
26800,A 3D Model of Table
26806,A 3D Model of Table
26875,A 3D Model of Table
26886,A 3D Model of Table
26899,A 3D Model of Table
27044,A 3D Model of Table
27189,A 3D Model of Table
27267,A 3D Model of Table
27478,A 3D Model of Table
27619,A 3D Model of Table
2780,A 3D Model of Sitting Furniture
28164,A 3D Model of Table
28594,A 3D Model of Table
28668,A 3D Model of Table
29133,A 3D Model of Table
29525,A 3D Model of Table
29557,A 3D Model of Table
29921,A 3D Model of Table
30238,A 3D Model of Table
3028,A 3D Model of Sitting Furniture
30341,A 3D Model of Table
30663,A 3D Model of Table
30666,A 3D Model of Table
30739,A 3D Model of Table
30857,A 3D Model of Table
30869,A 3D Model of Table
3091,A 3D Model of Sitting Furniture
31249,A 3D Model of Table
3140,A 3D Model of Sitting Furniture
3143,A 3D Model of Sitting Furniture
31601,A 3D Model of Table
3171,A 3D Model of Sitting Furniture
3193,A 3D Model of Sitting Furniture
32052,A 3D Model of Table
32086,A 3D Model of Table
32174,A 3D Model of Table
32213,A 3D Model of Table
32259,A 3D Model of Table
32324,A 3D Model of Table
32354,A 3D Model of Table
32566,A 3D Model of Table
32601,A 3D Model of Table
32625,A 3D Model of Table
32746,A 3D Model of Table
32761,A 3D Model of Table
32932,A 3D Model of Table
33116,A 3D Model of Table
33457,A 3D Model of Table
3380,A 3D Model of Bottle
33810,A 3D Model of Table
3386,A 3D Model of Display
33914,A 3D Model of Table
3392,A 3D Model of Display
3393,A 3D Model of Display
33930,A 3D Model of Table
3395,A 3D Model of Display
3398,A 3D Model of Bottle
34178,A 3D Model of Table
34610,A 3D Model of Table
34617,A 3D Model of Table
35059,A 3D Model of Storage Furniture
35063,A 3D Model of Sitting Furniture
3517,A 3D Model of Bottle
3519,A 3D Model of Bottle
3520,A 3D Model of Bottle
3558,A 3D Model of Bottle
3571,A 3D Model of Bottle
3574,A 3D Model of Bottle
3593,A 3D Model of Bottle
3596,A 3D Model of Bottle
3614,A 3D Model of Bottle
3615,A 3D Model of Bottle
3616,A 3D Model of Bottle
3618,A 3D Model of Bottle
3625,A 3D Model of Bottle
36250,A 3D Model of Sitting Furniture
36280,A 3D Model of Sitting Furniture
3635,A 3D Model of Bottle
36409,A 3D Model of Sitting Furniture
3655,A 3D Model of Bottle
36761,A 3D Model of Sitting Furniture
3678,A 3D Model of Bottle
36845,A 3D Model of Sitting Furniture
36912,A 3D Model of Sitting Furniture
36983,A 3D Model of Sitting Furniture
37099,A 3D Model of Sitting Furniture
37247,A 3D Model of Sitting Furniture
37351,A 3D Model of Sitting Furniture
3763,A 3D Model of Bottle
37825,A 3D Model of Sitting Furniture
37834,A 3D Model of Sitting Furniture
37954,A 3D Model of Sitting Furniture
3822,A 3D Model of Bottle
38287,A 3D Model of Sitting Furniture
3830,A 3D Model of Bottle
38325,A 3D Model of Sitting Furniture
38357,A 3D Model of Sitting Furniture
38368,A 3D Model of Sitting Furniture
38486,A 3D Model of Sitting Furniture
38510,A 3D Model of Sitting Furniture
38516,A 3D Model of Storage Furniture
38519,A 3D Model of Sitting Furniture
3854,A 3D Model of Bottle
3868,A 3D Model of Bottle
38803,A 3D Model of Sitting Furniture
38841,A 3D Model of Sitting Furniture
38994,A 3D Model of Sitting Furniture
39015,A 3D Model of Sitting Furniture
39047,A 3D Model of Sitting Furniture
39138,A 3D Model of Sitting Furniture
39313,A 3D Model of Sitting Furniture
3933,A 3D Model of Bottle
3934,A 3D Model of Bottle
39392,A 3D Model of Sitting Furniture
39432,A 3D Model of Sitting Furniture
3944,A 3D Model of Bottle
39485,A 3D Model of Sitting Furniture
39551,A 3D Model of Sitting Furniture
39628,A 3D Model of Sitting Furniture
3971,A 3D Model of Bottle
3990,A 3D Model of Bottle
39988,A 3D Model of Sitting Furniture
40067,A 3D Model of Sitting Furniture
40069,A 3D Model of Sitting Furniture
40147,A 3D Model of Storage Furniture
40168,A 3D Model of Sitting Furniture
40225,A 3D Model of Sitting Furniture
40417,A 3D Model of Storage Furniture
4043,A 3D Model of Bottle
40453,A 3D Model of Storage Furniture
4064,A 3D Model of Bottle
4084,A 3D Model of Bottle
40890,A 3D Model of Sitting Furniture
4094,A 3D Model of Display
40982,A 3D Model of Sitting Furniture
41003,A 3D Model of Storage Furniture
41004,A 3D Model of Storage Furniture
41045,A 3D Model of Sitting Furniture
4108,A 3D Model of Pot
41083,A 3D Model of Storage Furniture
41085,A 3D Model of Storage Furniture
41086,A 3D Model of Storage Furniture
41153,A 3D Model of Sitting Furniture
4118,A 3D Model of Pot
41434,A 3D Model of Sitting Furniture
41438,A 3D Model of Sitting Furniture
41452,A 3D Model of Storage Furniture
41510,A 3D Model of Storage Furniture
41529,A 3D Model of Storage Furniture
41609,A 3D Model of Sitting Furniture
41610,A 3D Model of Sitting Furniture
41653,A 3D Model of Sitting Furniture
41667,A 3D Model of Sitting Furniture
41838,A 3D Model of Sitting Furniture
4200,A 3D Model of Pot
42001,A 3D Model of Sitting Furniture
4204,A 3D Model of Pot
42057,A 3D Model of Sitting Furniture
4216,A 3D Model of Pot
4233,A 3D Model of Pot
42378,A 3D Model of Sitting Furniture
42452,A 3D Model of Sitting Furniture
42556,A 3D Model of Sitting Furniture
42647,A 3D Model of Sitting Furniture
42856,A 3D Model of Sitting Furniture
43074,A 3D Model of Sitting Furniture
4314,A 3D Model of Pot
43142,A 3D Model of Sitting Furniture
4393,A 3D Model of Pot
4403,A 3D Model of Pot
4427,A 3D Model of Pot
44441,A 3D Model of Sitting Furniture
44445,A 3D Model of Sitting Furniture
44729,A 3D Model of Sitting Furniture
44781,A 3D Model of Storage Furniture
44817,A 3D Model of Storage Furniture
44826,A 3D Model of Storage Furniture
44853,A 3D Model of Storage Furniture
44876,A 3D Model of Sitting Furniture
44961,A 3D Model of Sitting Furniture
44962,A 3D Model of Storage Furniture
4500,A 3D Model of Pot
45001,A 3D Model of Storage Furniture
45007,A 3D Model of Storage Furniture
45087,A 3D Model of Storage Furniture
45091,A 3D Model of Storage Furniture
45092,A 3D Model of Storage Furniture
45130,A 3D Model of Storage Furniture
45132,A 3D Model of Storage Furniture
45134,A 3D Model of Storage Furniture
45135,A 3D Model of Storage Furniture
4514,A 3D Model of Pot
45146,A 3D Model of Storage Furniture
45159,A 3D Model of Storage Furniture
45162,A 3D Model of Storage Furniture
45164,A 3D Model of Storage Furniture
45166,A 3D Model of Storage Furniture
45168,A 3D Model of Storage Furniture
45173,A 3D Model of Storage Furniture
45176,A 3D Model of Storage Furniture
45177,A 3D Model of Storage Furniture
45178,A 3D Model of Storage Furniture
45189,A 3D Model of Storage Furniture
45194,A 3D Model of Storage Furniture
45203,A 3D Model of Storage Furniture
45212,A 3D Model of Storage Furniture
45213,A 3D Model of Storage Furniture
45219,A 3D Model of Storage Furniture
45235,A 3D Model of Storage Furniture
45238,A 3D Model of Storage Furniture
45243,A 3D Model of Storage Furniture
45244,A 3D Model of Storage Furniture
45247,A 3D Model of Storage Furniture
45248,A 3D Model of Storage Furniture
45249,A 3D Model of Storage Furniture
45261,A 3D Model of Storage Furniture
45262,A 3D Model of Storage Furniture
45267,A 3D Model of Storage Furniture
45271,A 3D Model of Storage Furniture
4529,A 3D Model of Display
45290,A 3D Model of Storage Furniture
45297,A 3D Model of Storage Furniture
4530,A 3D Model of Display
45305,A 3D Model of Storage Furniture
45323,A 3D Model of Storage Furniture
4533,A 3D Model of Display
45332,A 3D Model of Storage Furniture
45354,A 3D Model of Storage Furniture
45372,A 3D Model of Storage Furniture
45374,A 3D Model of Storage Furniture
45378,A 3D Model of Storage Furniture
45384,A 3D Model of Storage Furniture
45385,A 3D Model of Storage Furniture
45387,A 3D Model of Storage Furniture
45397,A 3D Model of Storage Furniture
45403,A 3D Model of Storage Furniture
4541,A 3D Model of Display
45413,A 3D Model of Storage Furniture
45415,A 3D Model of Storage Furniture
45419,A 3D Model of Storage Furniture
4542,A 3D Model of Display
45420,A 3D Model of Storage Furniture
45423,A 3D Model of Storage Furniture
45427,A 3D Model of Storage Furniture
45443,A 3D Model of Storage Furniture
45444,A 3D Model of Storage Furniture
45448,A 3D Model of Storage Furniture
45463,A 3D Model of Storage Furniture
45503,A 3D Model of Storage Furniture
45504,A 3D Model of Storage Furniture
45505,A 3D Model of Storage Furniture
45516,A 3D Model of Storage Furniture
4552,A 3D Model of Display
45523,A 3D Model of Storage Furniture
45524,A 3D Model of Storage Furniture
45526,A 3D Model of Storage Furniture
4555,A 3D Model of Display
45573,A 3D Model of Storage Furniture
45575,A 3D Model of Storage Furniture
45594,A 3D Model of Storage Furniture
45600,A 3D Model of Storage Furniture
45606,A 3D Model of Storage Furniture
45612,A 3D Model of Storage Furniture
4562,A 3D Model of Display
45620,A 3D Model of Storage Furniture
45621,A 3D Model of Storage Furniture
45622,A 3D Model of Storage Furniture
45623,A 3D Model of Storage Furniture
4563,A 3D Model of Display
45632,A 3D Model of Storage Furniture
45633,A 3D Model of Storage Furniture
45636,A 3D Model of Storage Furniture
45638,A 3D Model of Storage Furniture
4564,A 3D Model of Display
45642,A 3D Model of Storage Furniture
45645,A 3D Model of Storage Furniture
4566,A 3D Model of Display
45661,A 3D Model of Storage Furniture
45662,A 3D Model of Storage Furniture
45667,A 3D Model of Storage Furniture
45670,A 3D Model of Storage Furniture
45671,A 3D Model of Storage Furniture
45676,A 3D Model of Storage Furniture
45677,A 3D Model of Storage Furniture
45687,A 3D Model of Storage Furniture
45689,A 3D Model of Storage Furniture
45690,A 3D Model of Storage Furniture
45691,A 3D Model of Storage Furniture
45693,A 3D Model of Storage Furniture
45694,A 3D Model of Storage Furniture
45696,A 3D Model of Storage Furniture
45699,A 3D Model of Storage Furniture
4571,A 3D Model of Display
45710,A 3D Model of Storage Furniture
45717,A 3D Model of Storage Furniture
45725,A 3D Model of Storage Furniture
4574,A 3D Model of Display
45746,A 3D Model of Storage Furniture
45747,A 3D Model of Storage Furniture
45749,A 3D Model of Storage Furniture
45756,A 3D Model of Storage Furniture
45759,A 3D Model of Storage Furniture
4576,A 3D Model of Display
45767,A 3D Model of Storage Furniture
45776,A 3D Model of Storage Furniture
45779,A 3D Model of Storage Furniture
4578,A 3D Model of Display
45780,A 3D Model of Storage Furniture
45783,A 3D Model of Storage Furniture
45784,A 3D Model of Storage Furniture
45790,A 3D Model of Storage Furniture
45801,A 3D Model of Storage Furniture
45822,A 3D Model of Storage Furniture
45841,A 3D Model of Storage Furniture
45850,A 3D Model of Storage Furniture
45853,A 3D Model of Storage Furniture
45855,A 3D Model of Storage Furniture
4586,A 3D Model of Display
4589,A 3D Model of Display
4590,A 3D Model of Display
45908,A 3D Model of Storage Furniture
45910,A 3D Model of Storage Furniture
45915,A 3D Model of Storage Furniture
45916,A 3D Model of Storage Furniture
4592,A 3D Model of Display
45922,A 3D Model of Storage Furniture
45936,A 3D Model of Storage Furniture
45937,A 3D Model of Storage Furniture
4594,A 3D Model of Display
45940,A 3D Model of Storage Furniture
45948,A 3D Model of Storage Furniture
45949,A 3D Model of Storage Furniture
45950,A 3D Model of Storage Furniture
45961,A 3D Model of Storage Furniture
45963,A 3D Model of Storage Furniture
45964,A 3D Model of Storage Furniture
45984,A 3D Model of Storage Furniture
46002,A 3D Model of Storage Furniture
46014,A 3D Model of Storage Furniture
46019,A 3D Model of Storage Furniture
46029,A 3D Model of Storage Furniture
46033,A 3D Model of Storage Furniture
46037,A 3D Model of Storage Furniture
46044,A 3D Model of Storage Furniture
46045,A 3D Model of Storage Furniture
46057,A 3D Model of Storage Furniture
46060,A 3D Model of Storage Furniture
4608,A 3D Model of Display
46084,A 3D Model of Storage Furniture
46092,A 3D Model of Storage Furniture
46107,A 3D Model of Storage Furniture
46108,A 3D Model of Storage Furniture
46109,A 3D Model of Storage Furniture
46117,A 3D Model of Storage Furniture
46120,A 3D Model of Storage Furniture
46123,A 3D Model of Storage Furniture
46127,A 3D Model of Storage Furniture
46130,A 3D Model of Storage Furniture
46132,A 3D Model of Storage Furniture
46134,A 3D Model of Storage Furniture
46145,A 3D Model of Storage Furniture
46166,A 3D Model of Storage Furniture
46172,A 3D Model of Storage Furniture
46179,A 3D Model of Storage Furniture
46180,A 3D Model of Storage Furniture
46197,A 3D Model of Storage Furniture
46199,A 3D Model of Storage Furniture
46230,A 3D Model of Storage Furniture
46236,A 3D Model of Storage Furniture
4627,A 3D Model of Display
46277,A 3D Model of Storage Furniture
4628,A 3D Model of Display
4633,A 3D Model of Display
46334,A 3D Model of Storage Furniture
46380,A 3D Model of Storage Furniture
46401,A 3D Model of Storage Furniture
46403,A 3D Model of Storage Furniture
46408,A 3D Model of Storage Furniture
46417,A 3D Model of Storage Furniture
46427,A 3D Model of Storage Furniture
46430,A 3D Model of Storage Furniture
46437,A 3D Model of Storage Furniture
46439,A 3D Model of Storage Furniture
46440,A 3D Model of Storage Furniture
46443,A 3D Model of Storage Furniture
46452,A 3D Model of Storage Furniture
46456,A 3D Model of Storage Furniture
46462,A 3D Model of Storage Furniture
46466,A 3D Model of Storage Furniture
46480,A 3D Model of Storage Furniture
46481,A 3D Model of Storage Furniture
46490,A 3D Model of Storage Furniture
46537,A 3D Model of Storage Furniture
46544,A 3D Model of Storage Furniture
46549,A 3D Model of Storage Furniture
46556,A 3D Model of Storage Furniture
46563,A 3D Model of Storage Furniture
46598,A 3D Model of Storage Furniture
46616,A 3D Model of Storage Furniture
46641,A 3D Model of Storage Furniture
46653,A 3D Model of Storage Furniture
46655,A 3D Model of Storage Furniture
46699,A 3D Model of Storage Furniture
46700,A 3D Model of Storage Furniture
46732,A 3D Model of Storage Furniture
46741,A 3D Model of Storage Furniture
46744,A 3D Model of Storage Furniture
46762,A 3D Model of Storage Furniture
46768,A 3D Model of Storage Furniture
46787,A 3D Model of Storage Furniture
46801,A 3D Model of Storage Furniture
4681,A 3D Model of Display
46825,A 3D Model of Storage Furniture
46839,A 3D Model of Storage Furniture
46847,A 3D Model of Storage Furniture
46856,A 3D Model of Storage Furniture
46859,A 3D Model of Storage Furniture
46874,A 3D Model of Storage Furniture
46879,A 3D Model of Storage Furniture
46889,A 3D Model of Storage Furniture
46893,A 3D Model of Storage Furniture
46896,A 3D Model of Storage Furniture
46906,A 3D Model of Storage Furniture
46922,A 3D Model of Storage Furniture
46944,A 3D Model of Storage Furniture
46955,A 3D Model of Storage Furniture
46966,A 3D Model of Storage Furniture
46981,A 3D Model of Storage Furniture
47021,A 3D Model of Storage Furniture
47024,A 3D Model of Storage Furniture
47088,A 3D Model of Storage Furniture
47089,A 3D Model of Storage Furniture
47099,A 3D Model of Storage Furniture
47133,A 3D Model of Storage Furniture
47168,A 3D Model of Storage Furniture
47178,A 3D Model of Storage Furniture
47180,A 3D Model of Storage Furniture
47182,A 3D Model of Storage Furniture
47183,A 3D Model of Storage Furniture
47185,A 3D Model of Storage Furniture
47187,A 3D Model of Storage Furniture
47207,A 3D Model of Storage Furniture
47227,A 3D Model of Storage Furniture
47233,A 3D Model of Storage Furniture
47235,A 3D Model of Storage Furniture
47238,A 3D Model of Storage Furniture
47252,A 3D Model of Storage Furniture
47254,A 3D Model of Storage Furniture
47278,A 3D Model of Storage Furniture
47281,A 3D Model of Storage Furniture
47290,A 3D Model of Storage Furniture
47296,A 3D Model of Storage Furniture
47315,A 3D Model of Storage Furniture
47316,A 3D Model of Storage Furniture
47388,A 3D Model of Storage Furniture
47391,A 3D Model of Storage Furniture
47419,A 3D Model of Storage Furniture
47438,A 3D Model of Storage Furniture
47443,A 3D Model of Storage Furniture
47466,A 3D Model of Storage Furniture
47514,A 3D Model of Storage Furniture
47529,A 3D Model of Storage Furniture
47565,A 3D Model of Storage Furniture
47570,A 3D Model of Storage Furniture
47577,A 3D Model of Storage Furniture
47578,A 3D Model of Storage Furniture
47585,A 3D Model of Storage Furniture
47595,A 3D Model of Storage Furniture
47601,A 3D Model of Storage Furniture
47613,A 3D Model of Storage Furniture
47632,A 3D Model of Storage Furniture
47645,A 3D Model of Storage Furniture
47648,A 3D Model of Storage Furniture
47651,A 3D Model of Storage Furniture
47669,A 3D Model of Storage Furniture
47686,A 3D Model of Storage Furniture
47701,A 3D Model of Storage Furniture
47711,A 3D Model of Storage Furniture
47729,A 3D Model of Storage Furniture
47742,A 3D Model of Storage Furniture
47747,A 3D Model of Storage Furniture
47808,A 3D Model of Storage Furniture
47817,A 3D Model of Storage Furniture
47853,A 3D Model of Storage Furniture
47926,A 3D Model of Storage Furniture
47944,A 3D Model of Storage Furniture
47954,A 3D Model of Storage Furniture
47963,A 3D Model of Storage Furniture
47976,A 3D Model of Storage Furniture
48010,A 3D Model of Storage Furniture
48013,A 3D Model of Storage Furniture
48018,A 3D Model of Storage Furniture
48023,A 3D Model of Storage Furniture
48036,A 3D Model of Storage Furniture
48051,A 3D Model of Storage Furniture
48063,A 3D Model of Storage Furniture
48167,A 3D Model of Storage Furniture
48169,A 3D Model of Storage Furniture
48177,A 3D Model of Storage Furniture
48243,A 3D Model of Storage Furniture
48253,A 3D Model of Storage Furniture
48258,A 3D Model of Storage Furniture
48263,A 3D Model of Storage Furniture
48271,A 3D Model of Storage Furniture
48356,A 3D Model of Storage Furniture
48379,A 3D Model of Storage Furniture
48381,A 3D Model of Storage Furniture
48413,A 3D Model of Storage Furniture
48452,A 3D Model of Storage Furniture
48467,A 3D Model of Storage Furniture
48479,A 3D Model of Storage Furniture
48490,A 3D Model of Storage Furniture
48491,A 3D Model of Storage Furniture
48492,A 3D Model of Storage Furniture
48497,A 3D Model of Storage Furniture
48513,A 3D Model of Storage Furniture
48517,A 3D Model of Storage Furniture
48519,A 3D Model of Storage Furniture
4853,A 3D Model of Display
48623,A 3D Model of Storage Furniture
48686,A 3D Model of Storage Furniture
48700,A 3D Model of Storage Furniture
48721,A 3D Model of Storage Furniture
48740,A 3D Model of Storage Furniture
48746,A 3D Model of Storage Furniture
48797,A 3D Model of Storage Furniture
48855,A 3D Model of Storage Furniture
48859,A 3D Model of Storage Furniture
48876,A 3D Model of Storage Furniture
48878,A 3D Model of Storage Furniture
49025,A 3D Model of Storage Furniture
49038,A 3D Model of Storage Furniture
49042,A 3D Model of Storage Furniture
49062,A 3D Model of Storage Furniture
49132,A 3D Model of Storage Furniture
49133,A 3D Model of Storage Furniture
49140,A 3D Model of Storage Furniture
49182,A 3D Model of Storage Furniture
49188,A 3D Model of Storage Furniture
5050,A 3D Model of Display
5088,A 3D Model of Display
5103,A 3D Model of Display
5306,A 3D Model of Display
5452,A 3D Model of Display
5477,A 3D Model of Display
5601,A 3D Model of Pot
5688,A 3D Model of Pot
5696,A 3D Model of Clock
5850,A 3D Model of Pot
5861,A 3D Model of Pot
5902,A 3D Model of Pot
6037,A 3D Model of Pot
6040,A 3D Model of Pot
6209,A 3D Model of Pot
6222,A 3D Model of Pot
6263,A 3D Model of Pot
6335,A 3D Model of Pot
6430,A 3D Model of Pot
6493,A 3D Model of Pot
6500,A 3D Model of Clock
6568,A 3D Model of Clock
6608,A 3D Model of Clock
6613,A 3D Model of Clock
6638,A 3D Model of Clock
6641,A 3D Model of Clock
6643,A 3D Model of Clock
6665,A 3D Model of Clock
6728,A 3D Model of Clock
6771,A 3D Model of Bottle
6797,A 3D Model of Clock
6808,A 3D Model of Clock
6813,A 3D Model of Clock
6839,A 3D Model of Clock
6843,A 3D Model of Clock
6917,A 3D Model of Clock
693,A 3D Model of Faucet
6934,A 3D Model of Clock
6953,A 3D Model of Clock
6963,A 3D Model of Clock
7004,A 3D Model of Clock
7007,A 3D Model of Clock
7015,A 3D Model of Clock
7032,A 3D Model of Clock
7037,A 3D Model of Clock
7054,A 3D Model of Clock
7064,A 3D Model of Clock
7068,A 3D Model of Clock
7074,A 3D Model of Clock
7078,A 3D Model of Clock
7104,A 3D Model of Clock
7111,A 3D Model of Clock
7119,A 3D Model of Microwave
7120,A 3D Model of Microwave
7128,A 3D Model of Microwave
7130,A 3D Model of Microwave
7138,A 3D Model of Microwave
7167,A 3D Model of Microwave
7179,A 3D Model of Microwave
7187,A 3D Model of Microwave
7201,A 3D Model of Microwave
7220,A 3D Model of Microwave
7221,A 3D Model of Microwave
723,A 3D Model of Sitting Furniture
7236,A 3D Model of Microwave
7263,A 3D Model of Microwave
7265,A 3D Model of Microwave
7273,A 3D Model of Microwave
7290,A 3D Model of Microwave
7292,A 3D Model of Microwave
7296,A 3D Model of Microwave
7304,A 3D Model of Microwave
7306,A 3D Model of Microwave
7310,A 3D Model of Microwave
7320,A 3D Model of Microwave
7332,A 3D Model of Microwave
7347,A 3D Model of Microwave
7349,A 3D Model of Microwave
7366,A 3D Model of Microwave
7619,A 3D Model of Keyboard
762,A 3D Model of Sitting Furniture
811,A 3D Model of Faucet
822,A 3D Model of Faucet
857,A 3D Model of Faucet
862,A 3D Model of Faucet
866,A 3D Model of Faucet
8736,A 3D Model of Mug
8848,A 3D Model of Mug
885,A 3D Model of Faucet
8867,A 3D Model of Door Set
8877,A 3D Model of Door Set
8893,A 3D Model of Door Set
8897,A 3D Model of Door Set
8903,A 3D Model of Door Set
8919,A 3D Model of Door Set
8930,A 3D Model of Door Set
8936,A 3D Model of Door Set
8961,A 3D Model of Door Set
8966,A 3D Model of Door Set
8983,A 3D Model of Door Set
8994,A 3D Model of Door Set
8997,A 3D Model of Door Set
9003,A 3D Model of Door Set
9016,A 3D Model of Door Set
9032,A 3D Model of Door Set
9035,A 3D Model of Door Set
9041,A 3D Model of Door Set
9065,A 3D Model of Door Set
9070,A 3D Model of Door Set
908,A 3D Model of Faucet
9107,A 3D Model of Door Set
9117,A 3D Model of Door Set
912,A 3D Model of Faucet
9127,A 3D Model of Door Set
9128,A 3D Model of Door Set
9148,A 3D Model of Door Set
9164,A 3D Model of Door Set
9168,A 3D Model of Door Set
920,A 3D Model of Faucet
9263,A 3D Model of Door Set
9277,A 3D Model of Door Set
9280,A 3D Model of Door Set
9281,A 3D Model of Door Set
9288,A 3D Model of Door Set
929,A 3D Model of Faucet
931,A 3D Model of Faucet
9386,A 3D Model of Door Set
9388,A 3D Model of Door Set
9393,A 3D Model of Door Set
9410,A 3D Model of Door Set
960,A 3D Model of Faucet
9748,A 3D Model of Laptop
991,A 3D Model of Faucet
9912,A 3D Model of Laptop
9918,A 3D Model of Laptop
9960,A 3D Model of Laptop
9968,A 3D Model of Laptop
9987,A 3D Model of Laptop
9992,A 3D Model of Laptop
9996,A 3D Model of Laptop
